"Apartment_ID","Ward","Year_Built","Facilities_Score","Safety_Score","Maintenance_Score","Cleanliness_Score","Pest_Control_Log","Evaluation_Score","Latitude","Longitude"
1,"Scarborough",1933,1,4,4,1,0,2.5,43.6532005916582,-79.3765635555843
2,"East York",1968,1,5,4,4,1,3.3,43.7190923843999,-79.3535862808349
3,"Scarborough",1968,1,2,3,2,0,2,43.7064512440236,-79.4048013328342
4,"North York",1970,5,3,2,5,0,3.8,43.7431699021021,-79.4201944878558
5,"North York",1901,1,3,1,3,1,1.9,43.6810943072662,-79.3994564295979
6,"East York",1979,1,2,2,1,0,1.5,43.6958748688223,-79.433191077481
7,"Scarborough",2003,4,5,2,3,1,3.6,43.6740783314221,-79.3900438031647
8,"York",1922,3,2,1,5,0,2.6,43.7314533256693,-79.3812233105535
9,"Downtown",1986,2,4,2,3,0,2.7,43.6618281619623,-79.3637965379981
10,"East York",1987,2,2,2,3,0,2.2,43.680132434587,-79.3589895456564
11,"East York",1920,4,5,1,5,1,3.7,43.6627414525952,-79.4356690036133
12,"Etobicoke",1981,1,5,5,1,0,3,43.7315851548687,-79.4215799981961
13,"North York",1918,1,2,1,5,0,2,43.6698886997765,-79.4170485728653
14,"Scarborough",1908,4,2,1,2,0,2.4,43.7094490940217,-79.3950824779691
15,"York",1982,1,2,5,3,1,2.6,43.7393799494021,-79.3774146612967
16,"Scarborough",1961,1,5,3,3,0,2.9,43.6694197282195,-79.4158777239965
17,"Scarborough",2009,5,3,4,3,0,3.9,43.7256524049677,-79.4483973856084
18,"Etobicoke",1982,1,1,4,1,1,1.8,43.6920159962028,-79.371503358474
19,"Downtown",1968,2,5,4,2,1,3.2,43.710827752389,-79.3597583702067
20,"Etobicoke",1944,3,1,5,4,1,3.2,43.7372974151978,-79.3973027006956
21,"Etobicoke",1979,5,1,1,2,0,2.4,43.7456963368924,-79.424170143134
22,"York",2002,3,1,2,1,1,1.8,43.6720168567728,-79.3697088455781
23,"Scarborough",2003,1,2,3,2,1,2,43.7446527865017,-79.4351841143333
24,"North York",1931,2,3,5,2,1,3,43.6911875069374,-79.3996257991763
25,"North York",1947,5,5,1,2,0,3.4,43.7316726644291,-79.3933458296116
26,"Etobicoke",1914,3,4,3,4,0,3.5,43.6720817924012,-79.3908350410638
27,"East York",1925,1,2,1,2,0,1.5,43.6618317013606,-79.3512748861685
28,"Scarborough",1919,2,4,5,3,1,3.5,43.7146168442909,-79.3684300722089
29,"Downtown",1934,2,5,3,2,0,3,43.742408251483,-79.4249297884526
30,"East York",1954,4,1,5,1,1,2.9,43.7183614168782,-79.4264200156322
31,"Etobicoke",1930,4,3,2,4,1,3.2,43.6919908866053,-79.4432492701104
32,"Scarborough",1923,3,5,5,1,1,3.6,43.7024787919829,-79.3756145121763
33,"York",1916,4,1,2,5,0,3,43.6904130023206,-79.4052966616117
34,"Downtown",1970,3,4,1,5,1,3.1,43.6858886262402,-79.4455248935847
35,"North York",1956,4,3,5,5,1,4.2,43.7093881105538,-79.3620953453705
36,"York",1976,5,5,5,3,1,4.6,43.6528934679693,-79.3803019108484
37,"Etobicoke",1934,2,5,1,4,0,2.9,43.7025091952179,-79.4109152290039
38,"Etobicoke",1957,5,3,4,1,1,3.5,43.6905765039614,-79.3705373638775
39,"North York",1953,5,1,1,2,0,2.4,43.6810695441673,-79.3774341212586
40,"Scarborough",1912,5,3,2,5,1,3.8,43.7375029158546,-79.399827806605
41,"Downtown",1977,3,2,5,1,0,2.9,43.7253286859253,-79.3623716060538
42,"York",1967,3,3,5,3,1,3.5,43.6733435875736,-79.3784816639032
43,"York",1924,4,5,3,2,1,3.6,43.6814887876622,-79.445672065299
44,"Scarborough",1928,3,5,3,4,1,3.7,43.7473942038603,-79.3778378522256
45,"East York",1952,5,2,5,5,1,4.2,43.6786106545012,-79.377422846132
46,"Etobicoke",1915,1,2,1,4,0,1.9,43.7235810531303,-79.4413429185981
47,"North York",1940,3,2,3,1,1,2.4,43.6899634444621,-79.4197447143262
48,"York",2011,1,1,1,5,0,1.8,43.6906015157467,-79.3942015140085
49,"York",1908,1,3,4,4,0,2.8,43.672372207907,-79.4023759893375
50,"Downtown",1936,1,5,4,3,0,3.1,43.7437261892715,-79.3748322878266
51,"York",1953,4,3,3,3,0,3.3,43.7061069758376,-79.3512383742025
52,"North York",1985,3,2,3,2,0,2.5,43.7402062718989,-79.3742523499997
53,"Etobicoke",2009,4,4,4,4,0,4,43.6961262541125,-79.3900416836143
54,"Etobicoke",2007,2,2,4,4,0,2.9,43.6883043589769,-79.4113579236902
55,"Scarborough",1985,2,4,5,4,1,3.7,43.6883653006516,-79.3708746325225
56,"Etobicoke",1923,4,5,2,4,0,3.8,43.7231012210948,-79.4199929696973
57,"East York",1913,2,1,2,4,0,2.2,43.7178601390682,-79.4338829280576
58,"York",1929,2,3,4,2,1,2.8,43.7373393272981,-79.4249097464373
59,"Etobicoke",2008,3,5,5,2,0,3.8,43.6534013273194,-79.3833533179946
60,"North York",1961,2,2,4,4,0,2.9,43.6693208391545,-79.4412554090144
61,"Downtown",2015,4,1,1,3,0,2.3,43.7099650247023,-79.4049171378836
62,"Downtown",2010,3,3,3,2,1,2.8,43.7123658061726,-79.4078958673868
63,"East York",1939,2,5,2,4,0,3.2,43.7316271828255,-79.4091703555081
64,"East York",2008,1,2,1,3,1,1.7,43.6976264821831,-79.3796051263111
65,"Scarborough",1994,1,3,3,1,1,2,43.731068968866,-79.3788440070348
66,"East York",2018,5,1,4,5,1,3.8,43.66815493959,-79.3510820462601
67,"East York",1938,2,1,5,1,1,2.3,43.7487184916856,-79.4433747329284
68,"Etobicoke",2000,2,2,1,5,1,2.4,43.7475975768874,-79.4277563824086
69,"East York",1971,1,2,2,5,0,2.3,43.6761139991693,-79.358218433382
70,"North York",2010,3,1,5,3,0,3,43.7042981850449,-79.4418501356384
71,"Etobicoke",1913,4,3,4,5,1,4,43.6663517479785,-79.3511225910159
72,"North York",1947,2,2,5,3,0,3,43.6847185950493,-79.3512900454458
73,"Downtown",1964,2,3,4,4,1,3.2,43.7127824886236,-79.4170466103591
74,"York",1922,5,1,5,5,0,4,43.7258610490942,-79.3626120347995
75,"York",1925,2,2,1,4,0,2.2,43.6545968976338,-79.3801948511042
76,"East York",1945,3,3,4,5,0,3.6,43.7393207592424,-79.4025289616315
77,"Scarborough",1922,5,3,4,3,1,3.9,43.7386993183754,-79.3519994569942
78,"Etobicoke",1994,3,2,1,4,0,2.5,43.7294350669021,-79.3736938400427
79,"Downtown",1962,3,2,1,1,1,1.8,43.6647523591528,-79.4311127576046
80,"East York",1920,2,5,4,5,0,3.9,43.7372190147871,-79.3747792755254
81,"Etobicoke",1980,3,3,1,1,0,2.1,43.7169505019905,-79.3981206212193
82,"East York",1938,3,5,3,1,1,3.1,43.6501517372672,-79.3924548664596
83,"Etobicoke",1970,1,1,3,2,0,1.7,43.6867754999781,-79.3510481938487
84,"Scarborough",1944,1,2,5,1,0,2.2,43.7041567496257,-79.3614862403367
85,"East York",1946,5,2,5,2,0,3.6,43.6508668625029,-79.4322584779933
86,"Downtown",1975,3,1,3,4,0,2.7,43.6908369490178,-79.4027936122147
87,"Etobicoke",1995,2,1,2,2,0,1.8,43.7102315425873,-79.3669667805778
88,"East York",1945,4,3,1,1,0,2.4,43.6731224741554,-79.3827779152896
89,"East York",1982,5,4,3,3,0,3.9,43.6635012560058,-79.3817927894415
90,"Scarborough",1959,1,1,2,2,1,1.5,43.7331930955872,-79.359046397265
91,"East York",1982,5,1,4,5,1,3.8,43.73218142197,-79.4141745905858
92,"York",1988,3,5,5,3,0,4,43.6829484938411,-79.4433691037586
93,"Scarborough",1916,5,2,2,2,1,2.9,43.6507113285363,-79.3858730685664
94,"East York",1908,2,2,2,2,1,2,43.672203677264,-79.4454042476369
95,"North York",2008,1,2,4,5,0,2.8,43.694788613962,-79.4130127897719
96,"York",2009,5,5,5,1,0,4.2,43.7025577061344,-79.3594743590802
97,"York",1922,4,5,5,2,0,4.1,43.6646079537692,-79.3723512347788
98,"Scarborough",1930,2,4,3,2,1,2.8,43.7050901252544,-79.3661161376629
99,"North York",1937,3,1,3,2,0,2.3,43.7370163827902,-79.4194823446916
100,"North York",1932,3,4,4,1,1,3.1,43.7451453938149,-79.3879545387812
101,"North York",1979,4,5,5,4,1,4.5,43.6733357409248,-79.4460554071469
102,"Downtown",1959,2,1,5,2,0,2.5,43.6709845618112,-79.4094571381342
103,"North York",1971,4,1,1,2,1,2.1,43.7325193594676,-79.3708052359521
104,"North York",1904,1,3,1,5,1,2.3,43.739556938922,-79.3738252862589
105,"East York",1962,3,3,4,3,1,3.2,43.6819787855726,-79.3628748417599
106,"Downtown",1973,1,3,1,4,1,2.1,43.7133036222309,-79.445138239325
107,"Downtown",1940,3,2,2,5,1,2.9,43.7051646003267,-79.3955594482599
108,"East York",1991,2,4,4,5,0,3.6,43.6715831083944,-79.4163249849575
109,"Etobicoke",1936,1,3,5,1,1,2.5,43.7428177728318,-79.4296766402433
110,"East York",1945,4,2,4,4,1,3.5,43.724397624284,-79.4317306802608
111,"East York",1982,3,5,1,4,0,3.2,43.6747565928847,-79.4185306569561
112,"East York",1996,2,2,2,1,0,1.8,43.6937610556837,-79.3513119019335
113,"Scarborough",1915,3,3,4,2,0,3,43.7465515159536,-79.4406111572636
114,"East York",1905,4,1,2,5,1,3,43.7249522174709,-79.4366108016111
115,"Scarborough",1951,1,5,3,3,0,2.9,43.7337972292211,-79.4417336433893
116,"East York",1971,5,3,5,5,1,4.5,43.73931424974,-79.4290000658715
117,"Etobicoke",1988,2,1,4,3,0,2.5,43.7400534181157,-79.362873452832
118,"Scarborough",1977,5,4,3,5,0,4.2,43.735648950492,-79.4358547142008
119,"York",1994,5,4,2,3,1,3.6,43.6512339177774,-79.4480229614535
120,"North York",1945,1,5,1,2,1,2.2,43.7332495782059,-79.4461877457099
121,"East York",1988,3,4,1,4,0,3,43.6933088430204,-79.3788185456535
122,"East York",1907,5,2,5,4,1,4,43.6641591262771,-79.3968986847205
123,"Scarborough",1942,4,2,1,3,1,2.5,43.6571240192279,-79.4149575641844
124,"North York",2018,2,1,2,1,0,1.6,43.6556969828438,-79.3692713354714
125,"York",2015,3,4,1,4,1,3,43.7276155972853,-79.4407523091883
126,"East York",1923,3,1,3,2,1,2.3,43.7191443754127,-79.4058290790999
127,"York",1904,3,2,4,3,0,3,43.7389293042943,-79.4091928078095
128,"Scarborough",1913,5,2,4,1,0,3.2,43.6601973539451,-79.3515563614201
129,"Downtown",1996,3,2,4,1,1,2.6,43.6768440824468,-79.4074973689159
130,"Downtown",1964,5,2,3,3,1,3.4,43.6891226761043,-79.4462871286087
131,"East York",2000,5,1,1,2,0,2.4,43.6804404611699,-79.3614623337518
132,"Downtown",1998,2,2,2,5,0,2.6,43.7274652756751,-79.3931146556046
133,"York",1903,4,2,5,3,0,3.6,43.6552446632646,-79.3508223699872
134,"Scarborough",1934,2,5,2,1,0,2.6,43.7456102186581,-79.4062876401935
135,"Etobicoke",2009,5,2,4,3,1,3.6,43.7285509805894,-79.3534158594441
136,"East York",1981,4,3,4,5,0,4,43.7181574635673,-79.35638382826
137,"North York",1909,4,5,2,1,1,3.2,43.742806387227,-79.355186945945
138,"Etobicoke",1911,3,2,3,4,1,3,43.6916879444383,-79.3947703034151
139,"North York",1947,3,4,4,4,1,3.7,43.654457183904,-79.3553059439408
140,"York",1902,2,5,3,1,0,2.8,43.735269577452,-79.4344028068939
141,"Scarborough",1925,1,4,5,2,1,2.9,43.6534953355556,-79.3676513120299
142,"Downtown",1975,5,1,3,3,0,3.1,43.656642991351,-79.3883519866038
143,"Downtown",1959,3,2,3,2,0,2.5,43.7373717438895,-79.4175271411892
144,"Etobicoke",2000,3,2,1,4,0,2.5,43.6791482721921,-79.405027037696
145,"East York",1944,5,4,2,3,1,3.6,43.7411257916829,-79.3932043899316
146,"East York",1907,5,4,3,3,0,3.9,43.667849700735,-79.3905881764833
147,"Downtown",1916,1,5,3,1,1,2.5,43.7144888438284,-79.4437065273291
148,"Etobicoke",1904,1,1,3,4,1,2.1,43.7046274352586,-79.4419214823749
149,"East York",1982,5,2,5,3,1,3.9,43.7095706396271,-79.4281666168245
150,"Scarborough",2001,4,3,4,3,1,3.6,43.6797199303051,-79.3765987924766
151,"Downtown",1931,2,2,2,2,1,2,43.676721476391,-79.4308677870548
152,"Scarborough",1901,1,5,4,3,0,3.1,43.6653129519429,-79.3539353607455
153,"York",1916,2,2,5,1,1,2.6,43.7132709475234,-79.4362181152217
154,"Downtown",2018,2,1,1,5,0,2.1,43.6674507365562,-79.4104510019068
155,"Downtown",1948,3,5,2,4,1,3.5,43.6825584018137,-79.3578878462548
156,"Downtown",1971,5,5,4,1,0,4,43.6823971837992,-79.3634772375459
157,"East York",1950,5,4,2,1,1,3.2,43.7479485324817,-79.3808520652819
158,"Etobicoke",1917,4,4,2,2,1,3.1,43.6931895584334,-79.3580936593004
159,"North York",1925,5,4,3,3,1,3.9,43.6826594037935,-79.3895694617881
160,"Scarborough",1929,2,4,3,3,1,3,43.7291640979704,-79.3670096903574
161,"Downtown",1982,1,1,2,3,0,1.7,43.650085231592,-79.4004518571077
162,"Scarborough",1968,3,4,1,1,0,2.4,43.6883134491509,-79.4260215405142
163,"Etobicoke",1992,1,5,5,1,0,3,43.7191449157195,-79.366208242788
164,"East York",1992,2,4,2,2,1,2.5,43.7282658610959,-79.4493369881529
165,"York",1945,2,5,5,2,1,3.5,43.6604351182235,-79.3688176018419
166,"York",1911,4,3,2,3,1,3.1,43.7434376907535,-79.3669633857673
167,"North York",1955,4,2,3,3,0,3.1,43.7294678163249,-79.4317230713787
168,"Scarborough",1900,1,4,5,1,0,2.8,43.6943587573944,-79.4123284997419
169,"York",1947,4,4,4,3,0,3.8,43.6561040682718,-79.4477455557557
170,"East York",1993,4,3,1,5,0,3.2,43.7224215456285,-79.4029441305436
171,"East York",2013,1,2,4,2,0,2.2,43.6897902198602,-79.4380696237786
172,"Etobicoke",1951,3,3,3,1,0,2.6,43.7046106530586,-79.4055618241197
173,"Downtown",1906,2,3,3,2,1,2.5,43.7151882329257,-79.4189654449932
174,"North York",1968,3,5,1,2,0,2.8,43.7181171577424,-79.3986605291022
175,"Downtown",1909,3,5,3,3,0,3.5,43.6921808046522,-79.4001293735579
176,"York",1935,5,4,1,3,1,3.4,43.7331343183294,-79.4392571049742
177,"York",1907,1,2,3,4,1,2.4,43.6525770388776,-79.3566367213614
178,"East York",1948,5,2,3,2,0,3.1,43.7486170621589,-79.3970765586477
179,"York",1994,5,3,2,5,1,3.8,43.6576698015211,-79.3762789429631
180,"York",1968,2,5,4,5,0,3.9,43.6826944615459,-79.4128532241099
181,"Etobicoke",1938,1,2,1,4,1,1.9,43.66975463524,-79.374653168465
182,"North York",1921,4,2,2,1,0,2.4,43.7354324876098,-79.3807605192531
183,"Etobicoke",1975,5,2,2,5,0,3.5,43.7447862137808,-79.3708832662087
184,"North York",2008,2,2,2,5,0,2.6,43.6618559254101,-79.4473268997856
185,"York",1909,5,2,2,1,0,2.7,43.6949613395846,-79.4051885207184
186,"York",1961,5,1,2,2,1,2.6,43.6966352307936,-79.4397018251242
187,"Etobicoke",1992,1,2,3,3,0,2.2,43.7398951885523,-79.435860729334
188,"North York",1993,2,1,4,4,1,2.7,43.6613534841454,-79.3990716293687
189,"York",1964,5,4,5,3,0,4.3,43.7071225934196,-79.4315285445424
190,"Downtown",2021,3,1,5,1,0,2.6,43.7400585132651,-79.4055830906844
191,"North York",1946,4,5,1,5,1,3.7,43.6810591692571,-79.4412646027515
192,"East York",1913,5,1,5,5,1,4,43.6824520057067,-79.4086848689476
193,"North York",1970,3,5,3,3,0,3.5,43.7370254177833,-79.440194220515
194,"Scarborough",1962,1,4,3,4,1,2.8,43.6828673779499,-79.3583845117595
195,"Etobicoke",1933,3,1,2,4,1,2.5,43.6625701236306,-79.4435392823536
196,"Etobicoke",1973,2,1,4,4,1,2.7,43.6856221430702,-79.4110050032614
197,"York",2016,4,2,5,3,1,3.6,43.7430699186167,-79.3695121701108
198,"York",1978,4,4,1,4,0,3.2,43.737517854874,-79.411594207841
199,"Scarborough",1918,5,1,5,2,1,3.4,43.7320216695778,-79.4387743996223
200,"North York",1981,1,1,4,4,0,2.4,43.6521772020729,-79.434017017833
201,"York",2009,4,3,5,3,1,3.8,43.7131236867746,-79.3767939938232
202,"East York",1921,4,2,2,3,1,2.8,43.7280916299671,-79.4223138354952
203,"York",1917,1,1,5,5,1,2.8,43.7217244555941,-79.3509503849084
204,"Scarborough",1950,4,2,5,1,1,3.2,43.6685785830021,-79.3630087126745
205,"Scarborough",1966,3,1,2,5,1,2.6,43.7080674635712,-79.4078488393221
206,"Etobicoke",2006,3,4,2,5,0,3.4,43.6913788636681,-79.3534300021362
207,"Downtown",1951,5,2,1,2,0,2.6,43.6827422663337,-79.4072996282717
208,"North York",1962,5,2,5,1,0,3.5,43.6920827073976,-79.3553296190919
209,"Etobicoke",2020,1,2,5,4,0,2.8,43.6865601419704,-79.3700808308553
210,"North York",1936,4,2,2,2,0,2.6,43.7370706968009,-79.4252952553099
211,"Downtown",2009,1,5,1,2,1,2.2,43.6772976407316,-79.4005787472706
212,"York",1917,3,2,2,5,0,2.9,43.6893322388409,-79.3636709148064
213,"Etobicoke",1940,4,2,4,2,0,3.1,43.739226659527,-79.4277516681003
214,"Etobicoke",1964,2,4,2,2,0,2.5,43.7323059925577,-79.4409547575284
215,"Etobicoke",1938,1,4,1,2,0,2,43.722557759285,-79.4422128933482
216,"York",1914,2,4,5,5,1,3.9,43.6939830737188,-79.4300231344067
217,"East York",1948,5,5,3,4,1,4.3,43.6956706836121,-79.3962827904616
218,"East York",1969,3,2,3,5,0,3.1,43.6980434829835,-79.3876604433171
219,"East York",2008,1,4,3,2,1,2.4,43.6627381406724,-79.4165365149733
220,"Scarborough",1996,4,5,4,1,0,3.7,43.6786083202576,-79.3526156572858
221,"Etobicoke",2001,5,2,2,5,1,3.5,43.7125460998388,-79.3847393362783
222,"North York",1939,4,2,2,4,0,3,43.718829332781,-79.3973097214243
223,"North York",1973,4,4,5,4,0,4.2,43.6657075980445,-79.388896645233
224,"Etobicoke",1959,2,4,4,5,0,3.6,43.7300087649375,-79.3648143263068
225,"North York",1933,1,1,5,4,0,2.6,43.6697214724496,-79.3597138788318
226,"Etobicoke",2016,3,1,4,1,0,2.4,43.703930095234,-79.4028715895955
227,"York",1989,3,2,2,2,1,2.3,43.7479264308931,-79.3774180202978
228,"North York",1917,5,1,5,1,0,3.2,43.6917024365161,-79.3997290529078
229,"Scarborough",1968,3,1,1,4,0,2.2,43.6581359927775,-79.3627892239019
230,"York",1959,5,2,5,4,1,4,43.6669817736838,-79.3838331881911
231,"Downtown",1934,2,2,2,3,1,2.2,43.668861948722,-79.3972226405982
232,"York",1969,1,2,3,2,0,2,43.6528995851055,-79.3552519073011
233,"North York",1992,2,3,5,1,0,2.8,43.6780685564969,-79.3707273317967
234,"Etobicoke",1953,5,3,4,4,1,4,43.6863969549071,-79.4283347326797
235,"Downtown",1942,4,4,5,2,0,3.9,43.6775669225026,-79.4097667690832
236,"East York",1972,2,3,1,1,1,1.8,43.661934309057,-79.4098144288641
237,"North York",1921,4,4,4,1,1,3.4,43.6630183234112,-79.4061051984783
238,"East York",1919,3,2,3,4,1,3,43.7372117399704,-79.3875810197555
239,"York",1946,4,3,2,5,0,3.5,43.692554592574,-79.3970234284643
240,"Etobicoke",1993,3,5,3,2,0,3.3,43.6600239850348,-79.3971034021583
241,"York",2013,1,2,3,4,1,2.4,43.6649625236867,-79.4366557270987
242,"Etobicoke",2002,3,1,1,5,1,2.4,43.7390795360319,-79.4390590510331
243,"Downtown",1940,5,2,3,1,1,3,43.7410276643233,-79.4386011125054
244,"Scarborough",1913,5,1,2,3,1,2.9,43.7342328519793,-79.4048579671187
245,"Etobicoke",1928,2,3,4,3,0,3,43.7049149531405,-79.4114344790112
246,"East York",1910,5,4,1,1,0,3,43.676487440546,-79.3746330521535
247,"Etobicoke",1959,1,2,2,4,0,2.1,43.7304594574962,-79.441948943818
248,"North York",1919,4,3,3,4,1,3.5,43.6566428957973,-79.4071409135591
249,"Downtown",1980,1,5,1,1,0,2,43.6579947037157,-79.3961886337726
250,"North York",2007,3,4,5,5,1,4.2,43.677830227674,-79.3964682688937
251,"Etobicoke",1987,2,4,3,3,1,3,43.6994232649682,-79.3712343391962
252,"York",2007,3,1,2,1,0,1.8,43.7356036163168,-79.4408108733595
253,"York",1950,2,2,2,5,0,2.6,43.7207321176305,-79.43112321964
254,"Etobicoke",1988,1,5,4,3,1,3.1,43.6915783402743,-79.4174905597232
255,"Etobicoke",1912,3,3,2,2,0,2.5,43.7039078354836,-79.3979268705472
256,"York",1975,5,5,3,1,1,3.7,43.6643262583995,-79.4287233921001
257,"York",1905,5,4,4,4,0,4.3,43.7007019681856,-79.4438339451794
258,"North York",1966,3,5,1,2,1,2.8,43.6612534018001,-79.388209536043
259,"North York",1991,5,4,1,3,1,3.4,43.665050261002,-79.3674926170847
260,"East York",1943,1,1,5,5,1,2.8,43.7397295942763,-79.4159105966333
261,"York",2007,1,3,4,4,1,2.8,43.6764767128043,-79.4139519413235
262,"Etobicoke",1910,1,3,3,5,0,2.8,43.725038249162,-79.4202158757951
263,"Etobicoke",1918,1,4,2,3,0,2.4,43.6842774988152,-79.3562944204547
264,"York",1910,5,1,3,2,0,2.9,43.7135654747021,-79.3689187761629
265,"York",1962,5,4,3,3,0,3.9,43.6711169130635,-79.3983325304929
266,"Downtown",1999,5,1,1,5,0,3,43.7222116349032,-79.400312437606
267,"York",1921,4,1,3,5,1,3.2,43.7277508907719,-79.353145268606
268,"York",1910,4,5,4,2,0,3.9,43.7459701522719,-79.352367351274
269,"Downtown",1926,4,2,3,1,0,2.7,43.7460763274459,-79.3868855278241
270,"North York",1901,5,3,5,1,0,3.7,43.6966081360588,-79.4476134234574
271,"York",2002,1,3,4,4,1,2.8,43.7405775301391,-79.4075214129174
272,"Etobicoke",1905,2,1,5,4,0,2.9,43.7174273487413,-79.3641618986381
273,"Etobicoke",2002,3,4,3,5,0,3.6,43.7163794083288,-79.3655753491214
274,"North York",1999,3,4,5,4,1,4,43.7151105367346,-79.3915619719541
275,"Etobicoke",1954,5,4,4,2,0,3.9,43.6952911928995,-79.3798073533923
276,"North York",2021,4,2,4,1,0,2.9,43.7014129447285,-79.439019394666
277,"York",1947,5,2,4,3,1,3.6,43.7217694347259,-79.4210730473977
278,"Etobicoke",1927,2,1,1,4,1,1.9,43.6903353698319,-79.3922660704935
279,"Scarborough",1928,4,1,2,4,1,2.8,43.6715168761089,-79.3741261628689
280,"North York",1967,1,5,2,2,1,2.4,43.6912299627671,-79.391360094212
281,"North York",1940,2,4,4,1,0,2.8,43.710446333955,-79.3764061555266
282,"York",1904,4,3,5,1,1,3.4,43.6968270623125,-79.4084799434524
283,"Downtown",2011,1,1,3,1,0,1.5,43.7066104956903,-79.3854604861466
284,"Etobicoke",1994,1,4,4,5,0,3.3,43.6902056829771,-79.3986894393805
285,"York",2022,5,5,1,4,1,3.8,43.6509512949968,-79.4139253295027
286,"North York",2006,1,1,3,2,0,1.7,43.6697230107151,-79.3606662001461
287,"York",2011,1,3,4,1,1,2.2,43.747106206906,-79.4020029093139
288,"East York",2020,2,4,1,2,0,2.2,43.7203580646077,-79.3849046865245
289,"North York",1908,5,2,4,1,1,3.2,43.6591502174037,-79.3689737826819
290,"North York",1982,5,2,1,5,1,3.2,43.7177886995487,-79.4358456166694
291,"East York",1927,3,4,1,5,1,3.1,43.6504321292741,-79.36303607421
292,"Downtown",1914,3,1,2,4,1,2.5,43.6759078462375,-79.429367371439
293,"Scarborough",1959,4,4,1,1,0,2.7,43.6999863373581,-79.3882893083384
294,"Downtown",1974,1,2,1,2,1,1.5,43.678592381347,-79.4486200449988
295,"Scarborough",1992,5,5,3,4,1,4.3,43.7042769045336,-79.4290130709531
296,"Scarborough",1916,2,2,3,4,0,2.7,43.7140123347985,-79.3772650128463
297,"Scarborough",1960,5,2,3,4,0,3.5,43.6996806326322,-79.372548078862
298,"York",1940,4,5,4,2,1,3.9,43.7250709094573,-79.4128325151978
299,"Scarborough",1924,1,2,4,4,1,2.6,43.7055893041426,-79.3940424380125
300,"North York",2010,5,4,2,2,1,3.4,43.7368219665485,-79.3865990011022
301,"Scarborough",1975,5,1,5,5,1,4,43.6618023085408,-79.3627691479167
302,"Etobicoke",1918,2,3,1,3,0,2.2,43.7314915730385,-79.3909577948973
303,"York",1951,5,3,5,1,1,3.7,43.7223241115687,-79.4445358702447
304,"East York",1970,3,2,3,3,0,2.8,43.7467646546895,-79.4242804979207
305,"East York",1910,3,3,3,5,0,3.4,43.7416312485235,-79.4271610202966
306,"Etobicoke",1914,5,5,1,1,0,3.2,43.6615442443173,-79.4039381459355
307,"Downtown",1972,1,1,5,4,1,2.6,43.6700810814975,-79.3797135712579
308,"North York",2021,5,4,3,4,0,4,43.7155629060464,-79.3670013146009
309,"East York",2009,1,3,4,3,1,2.6,43.7120149794268,-79.4411961795297
310,"North York",1987,5,3,5,4,0,4.3,43.7483089281479,-79.4172324924264
311,"Downtown",1982,5,2,3,1,1,3,43.6893233844778,-79.3502991686808
312,"Etobicoke",1910,2,4,5,1,1,3.1,43.7467434913851,-79.3879372443771
313,"Downtown",2017,4,4,3,3,0,3.6,43.6975764855975,-79.4302836627932
314,"York",1932,4,1,3,4,0,3,43.6809784615878,-79.3980172749376
315,"York",1972,3,2,4,2,1,2.8,43.7335395517293,-79.38273614645
316,"Scarborough",2004,1,4,3,1,1,2.2,43.7095860096626,-79.4484531373717
317,"York",1922,5,1,1,4,0,2.8,43.7109404850518,-79.4458003573585
318,"York",2019,2,1,4,1,0,2.1,43.7142330644885,-79.4413443200523
319,"Scarborough",1916,1,2,3,1,1,1.8,43.7473310435657,-79.3513725240249
320,"Etobicoke",1909,4,3,5,2,1,3.6,43.7013508536853,-79.4345996691613
321,"Scarborough",1971,1,5,2,2,1,2.4,43.6869834919227,-79.373397596716
322,"Downtown",1917,5,3,2,1,0,3,43.6678394773277,-79.3637519950047
323,"North York",1923,2,2,5,4,1,3.2,43.7430822308641,-79.4196341524832
324,"York",2001,5,5,2,4,1,4,43.683624714124,-79.4291115345666
325,"Etobicoke",1988,1,5,1,3,1,2.4,43.6824318835279,-79.3896995468065
326,"Downtown",1949,5,2,2,3,1,3.1,43.7378356537782,-79.4187754704151
327,"East York",1970,5,4,5,5,0,4.8,43.6908532171743,-79.4261295855744
328,"Scarborough",2002,1,4,4,4,1,3.1,43.7479399472941,-79.3707496271236
329,"East York",1911,4,1,5,1,0,2.9,43.6871789456578,-79.4457233632449
330,"Etobicoke",2004,4,2,3,2,0,2.9,43.7116113951663,-79.3823457551189
331,"North York",1979,2,1,1,1,1,1.3,43.7113289139699,-79.4362024194561
332,"East York",1902,5,5,2,5,0,4.2,43.6606833292637,-79.4259442269569
333,"Scarborough",1930,2,3,1,3,0,2.2,43.717958342284,-79.4318962749792
334,"Scarborough",1998,4,1,2,1,0,2.1,43.6501045944169,-79.449332263181
335,"Etobicoke",1920,2,5,2,1,0,2.6,43.7057708151871,-79.362686321442
336,"North York",2009,1,1,4,3,1,2.2,43.7039450346259,-79.3704741058406
337,"Etobicoke",1961,1,3,4,3,1,2.6,43.722552202316,-79.3820533028571
338,"East York",1933,3,1,5,5,0,3.4,43.6837948680623,-79.4496675565606
339,"North York",1927,2,2,1,2,0,1.8,43.6717127172509,-79.4144453413319
340,"North York",1935,4,2,1,2,1,2.4,43.6704931898508,-79.3711648646509
341,"North York",1925,2,2,2,1,1,1.8,43.6905599894002,-79.4101124130888
342,"York",1900,1,4,1,4,1,2.4,43.6545382209355,-79.3961319880327
343,"Downtown",1989,5,1,4,5,0,3.8,43.7242843064945,-79.3641800411046
344,"East York",1920,3,4,5,4,0,4,43.740325471689,-79.3927015829133
345,"Downtown",1941,3,1,4,4,1,3,43.7350383263314,-79.4342359673465
346,"York",2019,2,1,4,5,0,2.9,43.6789522457868,-79.3984474498779
347,"Downtown",1984,5,3,1,3,0,3.1,43.7132446929347,-79.3774451991543
348,"East York",2001,5,4,1,4,1,3.5,43.6676594594726,-79.3715108058881
349,"Etobicoke",2020,4,3,1,2,0,2.6,43.7260958698345,-79.4324942286359
350,"North York",1934,1,3,2,4,1,2.4,43.7323950197315,-79.3509412833722
351,"Etobicoke",1993,3,4,2,3,0,3,43.7299562945962,-79.3736793868942
352,"North York",1911,2,1,4,1,0,2.1,43.7269632112002,-79.3855580393691
353,"Scarborough",1996,3,2,4,4,1,3.2,43.7228840173688,-79.3604387635831
354,"North York",2020,1,1,2,5,0,2,43.713407806633,-79.3538416694384
355,"Scarborough",2007,3,4,1,3,1,2.8,43.6911488499958,-79.4169080728432
356,"Etobicoke",1912,5,1,5,1,0,3.2,43.6913757973351,-79.3657333953539
357,"Downtown",1949,2,4,2,3,0,2.7,43.6934730206849,-79.3823896735907
358,"North York",1963,3,4,4,3,1,3.5,43.6899387929356,-79.4071843661601
359,"Scarborough",1932,1,4,3,3,1,2.6,43.7233027039096,-79.4486292475369
360,"York",1923,4,5,1,4,1,3.5,43.7133963945089,-79.4283357586945
361,"York",1908,3,3,1,1,1,2.1,43.682441656664,-79.3873027566588
362,"East York",1930,2,3,5,3,0,3.2,43.6838994399412,-79.3945486708544
363,"Scarborough",1995,3,4,4,3,1,3.5,43.6947498570196,-79.3876608812716
364,"East York",1965,5,4,1,3,0,3.4,43.6795229556505,-79.3593815314584
365,"East York",1930,3,1,5,3,0,3,43.6963425687281,-79.3835187507328
366,"North York",1959,5,3,2,2,0,3.1,43.7429401997942,-79.4135837751674
367,"York",1990,4,1,3,4,0,3,43.6556277960073,-79.3611928833649
368,"Downtown",1998,3,1,4,2,1,2.5,43.6643091535661,-79.4013556518126
369,"North York",2017,4,4,1,2,0,2.9,43.7130881488323,-79.4329847405897
370,"Etobicoke",1996,4,5,1,2,1,3.1,43.66580898338,-79.421498397016
371,"Downtown",1922,5,3,4,2,1,3.6,43.721566347382,-79.3580850188853
372,"Etobicoke",2013,5,1,4,5,0,3.8,43.6648344194051,-79.4164967280813
373,"Downtown",1936,2,5,1,2,0,2.5,43.6975638445467,-79.4331642677775
374,"York",2022,4,1,4,5,0,3.5,43.6779983914457,-79.4281382513698
375,"Downtown",1973,1,5,4,4,1,3.3,43.7463598777074,-79.4448971763253
376,"North York",1942,2,1,2,1,0,1.6,43.7216208991129,-79.4245764536783
377,"North York",1918,2,2,2,5,1,2.6,43.6930232461309,-79.3513695072616
378,"Downtown",1915,3,5,1,5,1,3.4,43.6881410992704,-79.3871263129171
379,"Scarborough",2010,4,1,2,4,1,2.8,43.7218637682265,-79.3707124757348
380,"York",1938,2,5,5,5,1,4.1,43.6749644230818,-79.4475403955905
381,"East York",1995,3,1,4,3,1,2.8,43.7202844105428,-79.3722590112127
382,"North York",2011,2,4,2,2,1,2.5,43.6867277061101,-79.3519193454878
383,"Scarborough",1949,5,4,4,5,0,4.5,43.7283679114422,-79.3763949334854
384,"Scarborough",2019,5,4,2,5,0,4,43.7171467681415,-79.3971839319449
385,"Scarborough",1918,5,5,2,3,0,3.9,43.7161921182182,-79.4082663331879
386,"East York",1903,4,2,2,3,0,2.8,43.6790861689951,-79.3774994612904
387,"Etobicoke",1950,2,2,1,1,0,1.6,43.6924152882304,-79.3656564591453
388,"Etobicoke",1934,3,5,5,5,1,4.4,43.7366645324277,-79.3834500020137
389,"Scarborough",1933,4,3,4,1,0,3.2,43.721340282145,-79.3575505764456
390,"Downtown",1928,2,5,3,4,0,3.4,43.6805461932905,-79.3817857272457
391,"Downtown",1976,2,5,3,3,1,3.2,43.7100067697465,-79.4440819374519
392,"York",1999,5,5,5,4,0,4.8,43.6875764804892,-79.385967348516
393,"North York",1983,4,1,5,5,1,3.7,43.7096199531108,-79.4373486177064
394,"North York",1953,5,2,2,4,0,3.3,43.7127933208831,-79.3593335051322
395,"Downtown",2001,2,2,1,4,1,2.2,43.726411134284,-79.4265036114026
396,"North York",1966,3,1,1,4,1,2.2,43.6699875713792,-79.4239854746964
397,"Etobicoke",1988,1,3,5,3,1,2.9,43.7280159788672,-79.3799502601614
398,"Downtown",1984,3,4,2,2,1,2.8,43.6716001468012,-79.3525153901661
399,"Scarborough",1952,3,2,4,4,1,3.2,43.6996599911945,-79.4490464588627
400,"Etobicoke",1939,5,2,2,4,1,3.3,43.7179221771192,-79.3909971036948
401,"York",1904,1,3,3,2,0,2.2,43.6848612498259,-79.4062546807341
402,"Scarborough",1904,3,5,5,3,1,4,43.6539995685685,-79.4163243517978
403,"Downtown",1982,1,3,1,4,0,2.1,43.7407949486515,-79.4426589297829
404,"North York",2007,5,5,5,4,1,4.8,43.6593265302945,-79.3586554975715
405,"York",1993,4,3,1,3,1,2.8,43.7021139041986,-79.4135024870047
406,"York",1970,4,4,1,1,1,2.7,43.7325614430942,-79.3922064424027
407,"North York",2009,1,5,2,5,0,3,43.6853359889472,-79.4445971769979
408,"East York",1916,5,3,1,2,0,2.9,43.7048588742968,-79.4360408199718
409,"North York",1992,1,2,2,3,0,1.9,43.6672013518633,-79.3620909544639
410,"North York",1997,3,1,3,4,0,2.7,43.6766030317405,-79.4494512558216
411,"Etobicoke",1916,3,4,2,2,1,2.8,43.7106415825197,-79.4108739443589
412,"Scarborough",1960,4,4,3,5,0,4,43.7132451553363,-79.4020105682546
413,"East York",1910,4,3,2,4,0,3.2,43.7150677634869,-79.4077188389609
414,"Downtown",1913,3,4,1,1,0,2.4,43.7414745999966,-79.3663692423142
415,"Scarborough",2003,3,1,4,4,1,3,43.6627549259923,-79.3567837096285
416,"Scarborough",1932,2,5,2,2,1,2.8,43.7287774158176,-79.4373453700915
417,"Scarborough",1933,3,5,5,2,1,3.8,43.6588772198651,-79.4306429800112
418,"East York",1963,5,1,2,1,0,2.5,43.7105889646104,-79.4495142734842
419,"Downtown",1909,1,4,3,5,1,3,43.7073070591083,-79.4439015384065
420,"Downtown",1997,5,2,4,2,0,3.4,43.7134108478902,-79.3660540987272
421,"Scarborough",1937,3,3,2,4,0,3,43.6706421834882,-79.4232161950553
422,"East York",1976,2,1,5,5,1,3.1,43.697481813957,-79.4177941998933
423,"East York",1911,5,5,2,1,1,3.5,43.7411269719945,-79.4243032212602
424,"Downtown",1934,3,2,3,3,1,2.8,43.6663077965844,-79.4444362255279
425,"North York",2003,5,2,2,4,1,3.3,43.6634103862569,-79.3863035540097
426,"Scarborough",1958,1,4,5,4,0,3.3,43.7250932991505,-79.40048081805
427,"East York",1932,4,4,3,5,1,4,43.6560702505289,-79.4123915962642
428,"Downtown",2009,4,2,5,1,1,3.2,43.6949091545073,-79.4238895094022
429,"North York",1942,3,2,1,5,0,2.6,43.6972157346783,-79.4420906156767
430,"Etobicoke",2017,2,4,1,2,0,2.2,43.6579944638535,-79.4216124858707
431,"East York",1910,4,5,4,4,1,4.2,43.7180109525798,-79.4072985440958
432,"Scarborough",1971,1,3,5,5,1,3.3,43.6774023004808,-79.4451127551496
433,"Downtown",1980,4,4,4,5,0,4.2,43.7062330738874,-79.3775405078195
434,"Etobicoke",1903,3,2,2,3,1,2.5,43.6850126837613,-79.3590600927593
435,"Etobicoke",1975,2,3,5,1,0,2.8,43.6951901105233,-79.441043200437
436,"Downtown",1946,4,1,4,3,0,3.1,43.7263514511753,-79.4172642394435
437,"Downtown",1955,5,2,2,2,1,2.9,43.7147582107922,-79.3658419413026
438,"East York",1913,2,5,2,4,0,3.2,43.7370152777294,-79.38100435792
439,"York",1950,3,4,1,5,1,3.1,43.6721129054902,-79.3739618564025
440,"Etobicoke",1926,3,3,4,3,0,3.2,43.6640784705989,-79.3581735907355
441,"Downtown",1974,5,2,1,2,1,2.6,43.7089784987737,-79.3566744970856
442,"York",1948,5,5,1,2,1,3.4,43.7225424921606,-79.4398293795763
443,"East York",1928,4,1,1,4,1,2.5,43.6702228615992,-79.4128490831005
444,"East York",1937,2,1,3,2,0,2,43.7096117344685,-79.4096520856489
445,"Scarborough",2007,1,1,1,2,0,1.2,43.6710584486602,-79.3836290486157
446,"North York",1918,1,3,1,5,0,2.3,43.6747981849127,-79.3656075735809
447,"York",1920,5,2,2,1,1,2.7,43.7042492646258,-79.4308720938163
448,"Downtown",1948,4,1,5,2,1,3.1,43.6733397482894,-79.4455632479629
449,"Downtown",1905,4,2,2,5,1,3.2,43.7159634166164,-79.4101257854607
450,"East York",1968,4,4,3,1,0,3.2,43.6611067677848,-79.3620073880302
451,"Etobicoke",2012,1,1,3,5,1,2.3,43.66923903157,-79.4354029253358
452,"Scarborough",1987,1,4,5,3,0,3.1,43.7310696758097,-79.3786179139512
453,"Scarborough",1915,2,5,5,5,0,4.1,43.6560453529703,-79.3641080064699
454,"Scarborough",1972,3,3,2,4,1,3,43.7182127225446,-79.4373569867807
455,"East York",2006,1,2,5,4,1,2.8,43.6652363327099,-79.4426227822434
456,"York",2000,4,5,4,2,0,3.9,43.6649643359706,-79.4491836613743
457,"North York",1977,4,5,4,4,0,4.2,43.6522739178734,-79.376938048075
458,"York",1961,2,3,3,5,1,3.1,43.6859740831889,-79.4435993656516
459,"North York",1968,3,2,5,2,0,3,43.7051327979192,-79.4252900532447
460,"Etobicoke",2006,1,1,1,1,0,1,43.6650513091357,-79.4001290620072
461,"East York",2019,3,3,3,5,0,3.4,43.722064839839,-79.4352667082334
462,"East York",1929,3,2,2,2,0,2.3,43.7042462412501,-79.4020188878058
463,"Downtown",1961,1,1,4,3,0,2.2,43.7464221718954,-79.3572019015672
464,"East York",1944,4,1,4,2,1,2.9,43.744616508577,-79.449086965993
465,"East York",2015,3,4,1,1,0,2.4,43.6685466149123,-79.3957411059411
466,"East York",1967,1,3,2,3,0,2.2,43.6985443534097,-79.3543986234814
467,"North York",1967,4,2,1,4,1,2.8,43.6818271477008,-79.3869450008031
468,"North York",2006,4,3,2,5,0,3.5,43.7326274614083,-79.3940379565582
469,"Scarborough",1995,1,4,3,3,0,2.6,43.6956796044484,-79.3922888564179
470,"York",1991,5,2,4,3,1,3.6,43.7469677683665,-79.4418015224393
471,"Etobicoke",1984,3,4,1,4,1,3,43.709389773896,-79.3757013917435
472,"Scarborough",1951,1,1,5,2,1,2.2,43.7488822599873,-79.4368930665776
473,"Scarborough",1969,5,5,3,2,0,3.9,43.671233419585,-79.3570117243798
474,"North York",1941,1,3,1,4,0,2.1,43.6594805019675,-79.3704033969902
475,"York",1919,1,3,2,3,1,2.2,43.7323641523486,-79.3975270906929
476,"Etobicoke",2022,4,4,1,4,0,3.2,43.6782807688927,-79.4178508895217
477,"East York",1980,3,1,4,3,1,2.8,43.6852088081185,-79.3611059827264
478,"Downtown",1974,4,5,3,4,1,4,43.7164772466756,-79.3577603075188
479,"East York",1939,4,3,2,2,0,2.9,43.7337729855906,-79.4490547077498
480,"Downtown",1920,5,1,5,1,1,3.2,43.71944327089,-79.4341134251328
481,"Etobicoke",2000,3,3,2,5,1,3.1,43.6551633403869,-79.3764309470076
482,"Scarborough",1995,2,1,4,1,1,2.1,43.6993444882566,-79.3823567325715
483,"Downtown",1957,3,1,5,2,1,2.8,43.693556052912,-79.3836203013547
484,"Downtown",1982,5,3,4,5,0,4.2,43.7404122951673,-79.3639307093574
485,"Etobicoke",1942,4,3,5,1,0,3.4,43.7135243992787,-79.3928227911703
486,"York",1900,4,3,4,2,0,3.4,43.6769931097748,-79.4291539138649
487,"Scarborough",1933,3,4,5,3,1,3.8,43.6811292187311,-79.3949430848705
488,"Downtown",1975,5,4,5,4,1,4.6,43.6964158295421,-79.386340892734
489,"North York",1913,4,4,2,1,1,2.9,43.6816080735764,-79.4176389196189
490,"East York",1966,2,1,2,4,0,2.2,43.7235404399922,-79.4263885295484
491,"East York",1947,4,1,2,3,1,2.5,43.6761823340086,-79.4233382733306
492,"Scarborough",1919,1,3,2,5,0,2.5,43.7312440410489,-79.3567321334267
493,"North York",1989,2,1,2,4,1,2.2,43.704118545563,-79.3636616525008
494,"Scarborough",1903,1,2,4,5,0,2.8,43.7463014977984,-79.380039417767
495,"Scarborough",1903,1,3,4,3,1,2.6,43.7396579273278,-79.4074035124155
496,"Etobicoke",1989,5,1,2,3,0,2.9,43.6971959596034,-79.3860359485261
497,"York",1964,5,5,4,2,0,4.2,43.6652847007383,-79.3618705891073
498,"East York",1988,3,3,5,4,0,3.7,43.6749414514517,-79.3858201763826
499,"Downtown",1980,5,5,2,2,1,3.6,43.696056776261,-79.415059923986
500,"Downtown",1984,5,2,5,5,0,4.2,43.7083919574972,-79.4359403560869
501,"York",1935,3,1,4,1,1,2.4,43.6814701657277,-79.4344584811945
502,"Scarborough",1916,5,1,5,1,0,3.2,43.6715133650228,-79.3849847484147
503,"North York",1938,1,2,1,1,0,1.2,43.7421202006284,-79.3574009804055
504,"Downtown",2020,2,3,2,4,0,2.7,43.7337326242123,-79.3537431313889
505,"East York",1958,4,4,4,5,1,4.2,43.7473055533832,-79.4039228440728
506,"York",1968,3,5,3,3,1,3.5,43.6636268893257,-79.4116858516587
507,"North York",1992,5,3,2,4,0,3.5,43.7191720516188,-79.3611748716794
508,"Scarborough",1908,3,3,5,2,0,3.3,43.7486852121307,-79.3620978658553
509,"Scarborough",1930,5,2,1,1,1,2.5,43.7026434834581,-79.4391026105033
510,"East York",1969,3,1,1,4,0,2.2,43.7316209159559,-79.4285774872871
511,"Etobicoke",1940,4,1,4,2,1,2.9,43.7414069717517,-79.3860202322481
512,"East York",1930,1,5,2,5,1,3,43.6843941838481,-79.4473914260743
513,"Scarborough",1934,2,4,3,1,1,2.6,43.6822178675327,-79.4123884902336
514,"North York",1972,4,2,2,4,0,3,43.6693515371298,-79.4279293623054
515,"Scarborough",1948,2,5,2,4,1,3.2,43.6977344137617,-79.3525347525487
516,"Scarborough",1998,4,1,2,1,1,2.1,43.7317415210884,-79.4471140766051
517,"Etobicoke",2022,4,5,1,1,0,2.9,43.735319347796,-79.359548923769
518,"East York",1937,2,5,3,4,0,3.4,43.7410735940561,-79.4253477912163
519,"North York",1981,3,3,1,1,0,2.1,43.7042095263489,-79.378764258232
520,"North York",1916,4,2,4,1,0,2.9,43.6512554586632,-79.4280165601987
521,"North York",1976,2,5,5,3,1,3.7,43.6817246366991,-79.4193891264731
522,"Downtown",2007,4,3,1,1,0,2.4,43.7471457023406,-79.4123384088045
523,"East York",1946,3,4,4,5,0,3.9,43.7073380132904,-79.3662680509966
524,"Etobicoke",1992,5,2,1,3,1,2.9,43.6797080456512,-79.4399516086327
525,"York",2005,2,5,4,3,0,3.5,43.6827208747389,-79.3735240443377
526,"York",1952,4,4,3,3,1,3.6,43.6637024744414,-79.3558681342052
527,"Scarborough",1915,1,2,3,2,0,2,43.7469252428738,-79.4426015968202
528,"East York",1996,4,2,2,5,0,3.2,43.703920571343,-79.4115237765247
529,"Scarborough",2001,5,4,1,1,1,3,43.6850776991807,-79.3617422379088
530,"East York",1914,4,1,2,3,0,2.5,43.6847899306566,-79.4234210797353
531,"York",1990,3,2,3,3,1,2.8,43.732658672519,-79.3695720809046
532,"Etobicoke",1921,1,4,5,2,0,2.9,43.7401497561717,-79.4015184614342
533,"Downtown",1907,2,4,2,3,0,2.7,43.7000454944093,-79.4074393229792
534,"North York",1964,5,5,1,1,0,3.2,43.7245865917997,-79.3568907529116
535,"York",1969,5,2,5,4,1,4,43.740829868475,-79.3510389354313
536,"East York",2012,5,3,2,5,1,3.8,43.6747833653586,-79.3794910113094
537,"Downtown",1985,5,2,5,1,1,3.5,43.7324001911562,-79.3670333430171
538,"East York",1969,4,3,4,1,0,3.2,43.726740959473,-79.3815368314041
539,"York",1904,3,4,5,1,0,3.4,43.6758247752441,-79.4196349479258
540,"Etobicoke",1989,4,2,4,1,1,2.9,43.6898103346815,-79.4432100103004
541,"North York",1908,3,4,4,4,0,3.7,43.711105032335,-79.3675890368642
542,"Scarborough",1930,1,2,4,4,0,2.6,43.6981895109173,-79.3936090219067
543,"Etobicoke",2005,4,2,4,3,1,3.3,43.6942033155356,-79.3841160330223
544,"Etobicoke",1966,4,4,5,3,1,4.1,43.7046723519219,-79.4414468003903
545,"Scarborough",1940,4,2,3,2,1,2.9,43.7192441525869,-79.4069438811392
546,"North York",1931,4,1,2,2,0,2.4,43.6968678994337,-79.3578509987099
547,"Downtown",1952,3,3,1,4,1,2.7,43.6981511299964,-79.4499447145965
548,"York",1922,2,2,5,5,0,3.4,43.6642188180937,-79.3639470046386
549,"Scarborough",1981,2,2,1,4,1,2.2,43.7180942022242,-79.4166981298476
550,"Downtown",1985,3,3,1,1,1,2.1,43.7456017523538,-79.3829637809191
551,"York",1957,3,3,3,1,1,2.6,43.6953438311117,-79.3990310770227
552,"Scarborough",1922,5,2,2,3,1,3.1,43.6740169007098,-79.3782878544647
553,"Etobicoke",2020,1,2,4,5,0,2.8,43.7330373539357,-79.373471861775
554,"East York",2014,1,1,5,3,1,2.4,43.6686648215633,-79.4314888193738
555,"York",1924,4,4,1,5,0,3.5,43.7122923085466,-79.3862182189943
556,"North York",1937,3,5,2,5,1,3.6,43.6579020881327,-79.426981667662
557,"Downtown",1929,2,1,3,1,1,1.8,43.6594109608326,-79.3910310717998
558,"North York",1937,4,1,5,2,0,3.1,43.7178361119935,-79.3557294540107
559,"Etobicoke",2003,5,1,1,1,1,2.2,43.6991730650654,-79.3565113094868
560,"York",1903,2,4,5,5,1,3.9,43.6683746614493,-79.4396488869097
561,"East York",2017,2,2,4,1,0,2.3,43.6868185519474,-79.4021090770606
562,"North York",1980,3,2,2,2,1,2.3,43.682233098452,-79.3903603833634
563,"York",2015,2,4,2,2,1,2.5,43.7367882383289,-79.4354442999698
564,"East York",1969,3,4,3,3,0,3.2,43.705366714322,-79.4199827690143
565,"Etobicoke",1925,4,5,4,2,1,3.9,43.6624728490366,-79.4192703222623
566,"Etobicoke",1938,4,4,1,5,0,3.5,43.6851662527537,-79.4013529943069
567,"East York",1995,1,3,5,3,1,2.9,43.6520427675452,-79.4073098753113
568,"North York",1926,4,1,5,2,1,3.1,43.691087956517,-79.370750658703
569,"East York",2002,5,2,1,4,1,3,43.7179991604295,-79.4217247836059
570,"Downtown",1961,4,5,1,5,0,3.7,43.7052689579316,-79.383649478876
571,"North York",1974,2,4,5,3,1,3.5,43.7326893965015,-79.4468882455258
572,"Etobicoke",1920,3,3,4,3,1,3.2,43.7275988703594,-79.3524539429694
573,"Etobicoke",1996,4,1,5,3,0,3.3,43.7174693353008,-79.3775768731022
574,"Etobicoke",2014,4,5,4,1,1,3.7,43.7475864616921,-79.369106344413
575,"Downtown",1971,4,4,3,2,1,3.4,43.7411937461467,-79.3714316879399
576,"Etobicoke",1916,2,3,5,3,0,3.2,43.6663611387834,-79.4016377948457
577,"Scarborough",1993,2,3,1,3,0,2.2,43.7316459792666,-79.4269182545831
578,"North York",1977,2,1,3,3,0,2.2,43.7359669117257,-79.4492752915714
579,"Etobicoke",1923,2,5,1,3,0,2.7,43.6676105264341,-79.3831337178359
580,"Etobicoke",1906,3,5,2,4,1,3.5,43.7297458485235,-79.4031483353116
581,"York",1966,1,2,2,3,1,1.9,43.7323950337246,-79.4123874253361
582,"York",1932,5,5,1,2,1,3.4,43.6502033299999,-79.3734538173303
583,"Downtown",1987,5,3,1,2,1,2.9,43.6778005561559,-79.4116150781512
584,"East York",1978,1,2,5,1,0,2.2,43.6976405991707,-79.4118660785491
585,"Downtown",1990,5,2,3,2,0,3.1,43.7365439175395,-79.3772882353747
586,"Downtown",1923,1,4,3,5,1,3,43.7205959764309,-79.3580368249677
587,"York",1986,1,4,1,3,0,2.2,43.7339616243495,-79.3837931557093
588,"Downtown",2020,5,3,5,3,0,4.1,43.7451312744757,-79.3884232122684
589,"Etobicoke",1945,4,2,3,3,1,3.1,43.6980145650916,-79.4220268951496
590,"Scarborough",1926,2,4,5,3,1,3.5,43.6580619577784,-79.4037361023948
591,"York",1911,4,1,4,2,0,2.9,43.735722557432,-79.4267883314984
592,"Downtown",1948,1,5,3,4,0,3.1,43.6918109521037,-79.4345455178525
593,"North York",1907,3,2,3,1,0,2.4,43.6894389106892,-79.3793457149062
594,"East York",1996,3,2,5,4,1,3.5,43.6518194608623,-79.4471839566715
595,"Etobicoke",1985,3,4,1,2,0,2.5,43.7343993124552,-79.4341119608143
596,"Downtown",1997,2,1,1,1,0,1.3,43.7186711071525,-79.4404379635816
597,"Etobicoke",1904,4,3,4,4,1,3.8,43.6510543179465,-79.4259373042267
598,"Scarborough",2021,3,5,1,5,1,3.4,43.7387299437774,-79.361258413014
599,"Etobicoke",1976,1,4,1,1,0,1.8,43.6646539232694,-79.3583315270022
600,"Scarborough",1982,5,5,5,3,0,4.6,43.7040757401614,-79.3680399670499
601,"Scarborough",1994,2,2,2,5,1,2.6,43.7058653972344,-79.3936320723034
602,"North York",1925,5,4,1,4,1,3.5,43.7261184068862,-79.3754285742762
603,"Scarborough",1919,5,1,4,4,0,3.5,43.6804794695927,-79.4171402375214
604,"East York",1928,3,3,3,2,0,2.8,43.6678416669602,-79.425509123574
605,"Downtown",1955,5,2,2,5,1,3.5,43.6503815682372,-79.4380580042722
606,"North York",2017,4,3,1,4,0,3,43.7363625099883,-79.3851231025998
607,"Etobicoke",1908,5,1,1,3,0,2.6,43.6701793933753,-79.3736591287656
608,"York",1979,3,2,4,4,1,3.2,43.698243717663,-79.4170546489768
609,"Scarborough",1984,5,3,4,4,1,4,43.7446731794626,-79.4210140502546
610,"Downtown",1996,4,2,3,1,1,2.7,43.7077535270248,-79.3585174330976
611,"York",1948,2,3,2,5,1,2.9,43.6613373900997,-79.3961410218151
612,"East York",1949,1,1,4,2,1,2,43.7026401259936,-79.3637787950924
613,"York",1941,5,2,5,3,1,3.9,43.7066290599993,-79.3616998771671
614,"East York",1972,5,4,5,5,0,4.8,43.7179320747731,-79.4082243664656
615,"Downtown",1910,3,2,4,2,1,2.8,43.6810688881902,-79.4086875780253
616,"East York",1964,4,2,1,2,1,2.4,43.7183495019097,-79.4405984343961
617,"Etobicoke",1997,1,1,4,5,1,2.5,43.7007306615822,-79.3651235419558
618,"Etobicoke",1974,2,5,2,1,0,2.6,43.7298171681585,-79.3501020643162
619,"Downtown",1988,3,1,1,4,1,2.2,43.6929610867519,-79.4374122085748
620,"East York",2012,2,3,5,1,0,2.8,43.7291878195014,-79.3867849325528
621,"Scarborough",1961,3,4,1,3,1,2.8,43.6945944536245,-79.4461041937582
622,"York",1977,4,1,2,3,1,2.5,43.7440393729834,-79.3804544461193
623,"North York",2013,2,2,3,4,0,2.7,43.6951248292113,-79.3871739413822
624,"Etobicoke",1994,3,1,2,1,1,1.8,43.7267858613282,-79.4137945736991
625,"Downtown",1913,4,5,5,1,0,3.9,43.6514740524348,-79.3616948855808
626,"Downtown",1983,2,2,2,5,1,2.6,43.6989723021397,-79.3755855329335
627,"East York",2003,4,5,4,1,1,3.7,43.7000223243842,-79.4200676924549
628,"Downtown",1987,2,4,2,2,1,2.5,43.6527964002453,-79.3806100295158
629,"Scarborough",1936,5,3,1,1,1,2.7,43.7051064775325,-79.4100690200925
630,"North York",2004,1,4,3,4,0,2.8,43.7041510060197,-79.3754050713265
631,"North York",1992,3,4,1,2,0,2.5,43.7159953670343,-79.3677194432821
632,"Scarborough",1909,3,4,2,1,1,2.6,43.6563860174036,-79.3927905049408
633,"York",1948,4,5,3,5,0,4.2,43.7414224819513,-79.4175305451732
634,"East York",1951,5,5,2,5,0,4.2,43.7356282053515,-79.4353800166864
635,"Downtown",1970,4,2,3,2,1,2.9,43.7014661875786,-79.4368690307718
636,"Scarborough",1921,2,3,3,3,1,2.7,43.6643665303476,-79.4479902986204
637,"Scarborough",1943,4,1,4,4,0,3.2,43.7106716765091,-79.4295531254728
638,"Etobicoke",1995,4,4,1,3,0,3.1,43.6807829644531,-79.3804062937852
639,"York",1910,2,1,5,3,1,2.7,43.6576695402618,-79.4068671783432
640,"York",1917,5,2,5,2,0,3.6,43.7328912309371,-79.4369357666932
641,"Etobicoke",1911,2,2,3,2,1,2.2,43.7039659004891,-79.443928708625
642,"Etobicoke",1970,4,1,1,2,1,2.1,43.6670253618155,-79.3635201252764
643,"Etobicoke",1902,5,2,4,5,1,4,43.6559919244377,-79.3709328602301
644,"York",1958,2,4,2,4,0,2.9,43.721569937258,-79.4301163185854
645,"York",1945,3,2,1,3,0,2.2,43.7477168186568,-79.3782985895174
646,"Downtown",1981,1,1,1,2,0,1.2,43.6608745811274,-79.4441049583722
647,"North York",1962,2,3,1,3,0,2.2,43.6860537456814,-79.3699717520969
648,"East York",2011,2,3,3,2,0,2.5,43.6580977614038,-79.4009605309926
649,"North York",1948,5,4,2,4,1,3.8,43.7137641191483,-79.3561107950285
650,"Downtown",1969,1,1,4,2,1,2,43.7256188548869,-79.3777775361668
651,"North York",1929,2,3,5,3,0,3.2,43.7170515040867,-79.366170716635
652,"East York",1969,3,1,2,4,0,2.5,43.7197741294978,-79.3702625449514
653,"Etobicoke",1935,4,3,1,5,0,3.2,43.6595522668678,-79.3573808677727
654,"Scarborough",1952,2,2,4,3,0,2.7,43.7034055081196,-79.384159494983
655,"York",1928,2,2,1,3,0,2,43.7179707437754,-79.4136925766477
656,"Scarborough",1936,1,4,5,1,1,2.8,43.668918623426,-79.3940529278712
657,"Etobicoke",1960,1,5,2,3,1,2.6,43.6641658001114,-79.3622929118807
658,"North York",2009,3,4,2,2,0,2.8,43.7135212170193,-79.4063869981561
659,"Downtown",1941,4,2,1,2,1,2.4,43.7176705399761,-79.4411510162288
660,"Downtown",2003,4,5,4,4,0,4.2,43.7370862604119,-79.4148027573014
661,"Etobicoke",1953,4,4,3,2,0,3.4,43.6768022385426,-79.3769775790628
662,"York",1941,1,1,3,2,1,1.7,43.6937765474897,-79.3540248608682
663,"Etobicoke",1954,4,2,4,2,1,3.1,43.6748272049241,-79.3548664779402
664,"Downtown",1961,1,1,1,2,0,1.2,43.7282216947293,-79.4077302029822
665,"Scarborough",1945,1,3,1,1,1,1.5,43.7160638440633,-79.3519822922768
666,"Downtown",1928,3,2,3,3,0,2.8,43.7301641817903,-79.4167289845413
667,"York",2010,2,5,3,5,0,3.6,43.714297687076,-79.3885542499833
668,"York",1950,1,5,5,4,1,3.6,43.6990059094736,-79.3928852508776
669,"East York",1931,1,2,5,5,1,3,43.6901716492139,-79.372228129697
670,"Downtown",1900,2,1,4,1,0,2.1,43.7087360467762,-79.4335914112162
671,"Scarborough",1933,5,4,4,2,0,3.9,43.673076512455,-79.4359621195355
672,"Scarborough",1978,1,5,2,3,1,2.6,43.6837147919461,-79.4262788036838
673,"North York",1909,5,2,2,5,1,3.5,43.7076914316975,-79.4437455649721
674,"York",1968,5,4,4,2,1,3.9,43.6751577485586,-79.3773080174811
675,"York",1904,5,2,2,4,0,3.3,43.698055775743,-79.4004923161119
676,"Etobicoke",1954,5,5,5,1,1,4.2,43.688833177858,-79.4398495709756
677,"Scarborough",1980,3,5,4,1,1,3.4,43.7331346662482,-79.3884798985208
678,"North York",2012,1,4,3,3,0,2.6,43.651724954159,-79.4363525500056
679,"Scarborough",2021,2,3,5,4,1,3.4,43.6763666014653,-79.4052686217474
680,"Downtown",2013,3,3,5,3,1,3.5,43.7086978126783,-79.3717215749435
681,"North York",1901,4,3,1,2,1,2.6,43.6951026827097,-79.4288836256368
682,"York",1926,4,5,2,3,0,3.6,43.7387708496535,-79.3605985449627
683,"Scarborough",1961,2,5,3,4,0,3.4,43.7488419946749,-79.4389186902205
684,"Scarborough",1910,1,3,4,1,1,2.2,43.7201250099577,-79.4431691359729
685,"North York",1963,2,2,4,1,1,2.3,43.6599585593445,-79.3673289870378
686,"North York",2000,1,3,4,4,1,2.8,43.7428290502168,-79.3754218381597
687,"Downtown",1980,1,4,1,1,0,1.8,43.7124473579461,-79.3657212622464
688,"North York",1962,3,5,2,3,1,3.2,43.6995538118528,-79.3777031564619
689,"East York",2009,4,1,5,2,0,3.1,43.7159335592063,-79.4063219900709
690,"Etobicoke",1998,1,4,3,2,0,2.4,43.6525185909122,-79.4011362704914
691,"Downtown",1941,1,4,3,2,0,2.4,43.6826755329734,-79.3546372260666
692,"Etobicoke",1912,3,1,4,1,1,2.4,43.6804374746047,-79.4096123234602
693,"York",1963,3,4,5,5,0,4.2,43.6738952521235,-79.3993887242861
694,"North York",1956,1,5,3,5,0,3.3,43.6784486937104,-79.4143920426723
695,"York",1993,2,1,1,2,1,1.5,43.6572530024452,-79.366425517411
696,"North York",1930,4,1,1,3,1,2.3,43.7334401873872,-79.3531805348815
697,"North York",1950,5,3,3,2,1,3.4,43.6578154307324,-79.424901826377
698,"Scarborough",1997,4,2,3,3,1,3.1,43.7232935446547,-79.3670589434216
699,"North York",1916,5,1,1,3,0,2.6,43.689588198252,-79.3772335033398
700,"East York",1972,4,1,1,3,1,2.3,43.7454112237319,-79.3717497798614
701,"East York",2014,2,1,2,3,0,2,43.7394858350046,-79.3754577964544
702,"Scarborough",1949,5,2,1,4,0,3,43.6885312066414,-79.4011562485248
703,"Scarborough",1972,2,1,5,5,0,3.1,43.7021415963769,-79.3886030805996
704,"Etobicoke",1961,1,2,1,1,0,1.2,43.7295062476303,-79.3728214479517
705,"Etobicoke",2021,5,5,1,5,0,4,43.7438913865015,-79.363764714892
706,"East York",1958,3,4,1,1,1,2.4,43.686639728141,-79.3730982907582
707,"York",1957,3,2,1,1,0,1.8,43.6773508432554,-79.4053062259685
708,"Etobicoke",1985,2,2,3,2,0,2.2,43.6784519776935,-79.377670764178
709,"York",2009,4,4,4,1,1,3.4,43.7218571322737,-79.4477576050209
710,"Etobicoke",1946,4,4,2,5,0,3.7,43.7158985770773,-79.4304996761028
711,"North York",1931,4,5,2,2,1,3.4,43.7049500162248,-79.4131841752445
712,"Etobicoke",2001,1,5,2,5,0,3,43.670163722639,-79.4202353531262
713,"Scarborough",2003,2,3,1,2,0,2,43.7141566853738,-79.3723845931469
714,"Scarborough",2015,4,5,4,3,1,4.1,43.7357805869775,-79.4466893291334
715,"Downtown",1965,2,1,3,5,1,2.6,43.7081370788626,-79.4469541990431
716,"North York",1900,2,4,1,3,0,2.5,43.7138867718168,-79.4405576511053
717,"Downtown",1917,5,3,2,4,1,3.5,43.7281635180116,-79.4456837823847
718,"Scarborough",1970,3,5,2,3,1,3.2,43.6943153691012,-79.3503777614795
719,"East York",1990,2,4,3,4,1,3.2,43.6996915480588,-79.3990907126106
720,"Etobicoke",1970,4,3,1,1,0,2.4,43.6732502822997,-79.3916464430047
721,"Scarborough",1935,4,1,5,4,0,3.5,43.7333603231469,-79.3951996470336
722,"Downtown",1968,5,1,2,1,1,2.5,43.6656444930472,-79.4123985732673
723,"North York",1974,5,3,5,5,0,4.5,43.7187998477137,-79.3611412392696
724,"East York",1926,2,4,5,1,1,3.1,43.6506576762069,-79.3877638655016
725,"York",1994,1,5,1,5,0,2.8,43.6996195215266,-79.4024505336071
726,"North York",1941,5,5,5,5,0,5,43.7218266004464,-79.4449552122969
727,"Etobicoke",1974,3,5,2,5,0,3.6,43.6955090599833,-79.3805737999035
728,"North York",1927,5,4,1,3,1,3.4,43.6865002295468,-79.4323753353907
729,"Scarborough",1932,3,5,2,2,0,3,43.66008591766,-79.3892317709513
730,"Scarborough",2022,2,4,3,4,1,3.2,43.6771330913296,-79.3514149173629
731,"North York",2005,3,3,2,5,0,3.1,43.6758298281813,-79.3728287386708
732,"North York",1931,1,5,1,1,0,2,43.7340196279809,-79.3943050291389
733,"Downtown",2020,4,2,2,4,0,3,43.6896156764822,-79.367979336693
734,"York",1986,2,2,3,1,0,2.1,43.7490425214404,-79.3943386752624
735,"North York",1984,3,4,4,2,1,3.3,43.7325269244844,-79.4408849397209
736,"Scarborough",1943,4,2,4,3,0,3.3,43.698803447024,-79.361645612889
737,"East York",2002,2,2,4,1,0,2.3,43.7285621072631,-79.4252853093436
738,"Etobicoke",1961,4,1,4,3,1,3.1,43.7076755774207,-79.4452437994769
739,"East York",1936,1,5,4,3,1,3.1,43.6710042143008,-79.3679133943981
740,"York",1995,5,4,1,5,1,3.8,43.7305703526596,-79.3689627359854
741,"East York",2013,2,2,5,4,1,3.2,43.68169222367,-79.4484882264398
742,"Scarborough",1939,4,5,1,1,0,2.9,43.7447079408448,-79.3862524550408
743,"North York",1978,2,2,5,2,0,2.8,43.745881871297,-79.4494898380712
744,"Etobicoke",1995,2,1,1,2,0,1.5,43.7093197353184,-79.4410525911022
745,"Downtown",1970,1,3,5,4,0,3.1,43.6578898879234,-79.3945825848496
746,"Downtown",1913,1,2,4,3,1,2.4,43.6972904764814,-79.4336701943306
747,"Scarborough",2005,3,2,4,4,1,3.2,43.7071169368224,-79.3986623179633
748,"Etobicoke",1955,4,4,2,4,1,3.5,43.7038532557664,-79.4399179039989
749,"East York",1947,3,2,2,5,1,2.9,43.7109361766139,-79.413586364314
750,"East York",1988,2,5,4,3,0,3.5,43.7071459307801,-79.4198838679586
751,"North York",1902,4,2,3,3,1,3.1,43.6807938144542,-79.3698139811866
752,"Scarborough",2017,3,2,2,1,1,2.1,43.7138803871581,-79.3748866639333
753,"Etobicoke",1922,1,4,1,4,1,2.4,43.6584955402184,-79.3616579007823
754,"Etobicoke",1974,3,1,1,5,0,2.4,43.6739086142741,-79.3950486654881
755,"North York",1960,4,2,1,5,0,3,43.6846968670841,-79.3660223720828
756,"North York",2022,1,5,4,1,0,2.8,43.6899100360926,-79.4463576693786
757,"Downtown",1994,3,2,3,1,0,2.4,43.7496411574073,-79.4070092029171
758,"Scarborough",1961,2,2,1,3,0,2,43.6542525418801,-79.3558295245748
759,"North York",1966,2,3,1,3,1,2.2,43.6956297168275,-79.4010816713097
760,"North York",1907,4,2,3,1,1,2.7,43.6915780459531,-79.4153293304844
761,"York",1959,5,2,4,1,1,3.2,43.6911720683798,-79.3880197024206
762,"Etobicoke",1990,5,2,5,4,0,4,43.680495721777,-79.4207391425036
763,"Scarborough",1990,5,1,4,1,1,3,43.7071175200632,-79.4483257056912
764,"North York",1948,5,1,2,1,1,2.5,43.7292344178772,-79.4147912536981
765,"North York",1988,4,1,5,5,0,3.7,43.6621238901978,-79.4342354285065
766,"Downtown",1927,4,1,3,1,1,2.4,43.6979901062092,-79.3562971975887
767,"Downtown",1927,5,2,4,5,1,4,43.727373280772,-79.3712765268982
768,"Downtown",2017,4,2,3,2,0,2.9,43.6671492560534,-79.3963879987365
769,"York",1976,1,5,2,4,1,2.8,43.7264051555889,-79.3902407844784
770,"York",1978,1,5,1,1,1,2,43.6797178463545,-79.4450122644426
771,"Downtown",1943,2,2,4,4,0,2.9,43.6863865582971,-79.4403657010756
772,"Downtown",2004,4,2,4,4,0,3.5,43.6866883251583,-79.3928757024696
773,"North York",1950,2,3,3,1,1,2.3,43.7023656903766,-79.3598702784861
774,"York",1950,4,1,3,1,0,2.4,43.6639003727119,-79.3503053169698
775,"North York",1930,5,2,3,5,1,3.8,43.6806765899994,-79.3812144575641
776,"North York",2001,5,2,1,5,1,3.2,43.7339170410996,-79.3600672333501
777,"Downtown",1976,3,3,4,5,1,3.6,43.7254868857563,-79.422653055843
778,"East York",1940,2,1,5,5,1,3.1,43.709389858949,-79.4173289510422
779,"York",1974,2,2,1,2,0,1.8,43.6548580191564,-79.3995495223673
780,"Scarborough",1956,5,1,3,1,1,2.7,43.717237136839,-79.425168182957
781,"Scarborough",1945,1,5,1,3,0,2.4,43.6912059253315,-79.3973357831827
782,"East York",1950,2,4,5,1,0,3.1,43.655778268748,-79.3874293246539
783,"North York",1959,2,2,4,2,0,2.5,43.7233496270375,-79.4117098530289
784,"North York",1961,3,4,5,3,0,3.8,43.6609954165062,-79.4020725336624
785,"Etobicoke",2016,1,5,2,5,1,3,43.7454230663599,-79.4072535560932
786,"Scarborough",1954,5,3,2,1,0,3,43.6792819387279,-79.4066403686535
787,"York",2013,2,1,3,4,1,2.4,43.668180665723,-79.405894310982
788,"East York",1921,5,4,2,3,1,3.6,43.7395519467769,-79.4476035301108
789,"Scarborough",1923,2,3,2,2,1,2.2,43.6631650700234,-79.3754596927669
790,"York",2016,4,2,1,2,1,2.4,43.6855053450912,-79.3716337830294
791,"Etobicoke",2008,3,4,3,1,0,2.9,43.6956914150156,-79.3658738884144
792,"North York",1911,5,1,2,2,1,2.6,43.7374018320348,-79.3946346662939
793,"Downtown",2014,4,4,2,1,0,2.9,43.6977065792307,-79.3790436678799
794,"Scarborough",1943,2,3,4,3,0,3,43.7191190637182,-79.3767842724687
795,"York",1989,1,1,5,3,1,2.4,43.7275787159568,-79.3540415472817
796,"East York",2016,3,2,1,3,0,2.2,43.6929010119522,-79.4094625337748
797,"York",1919,4,5,3,1,0,3.4,43.6954465071205,-79.3767469586339
798,"York",1999,2,3,5,5,0,3.6,43.6740762401139,-79.3861519961618
799,"Downtown",1960,3,2,3,5,0,3.1,43.6782977708383,-79.3873490099097
800,"Scarborough",1991,5,4,2,5,0,4,43.7412685750518,-79.386207309668
801,"Scarborough",2018,1,3,5,2,0,2.7,43.747061695857,-79.3700329358922
802,"North York",2022,4,4,5,2,0,3.9,43.7225587219,-79.4060651671141
803,"North York",1979,2,3,5,2,1,3,43.6871020011371,-79.4053975347895
804,"North York",1948,3,1,1,5,1,2.4,43.6990324025508,-79.3973384011071
805,"North York",1943,2,4,1,5,1,2.9,43.7310808031354,-79.3731990886619
806,"North York",1965,2,2,5,1,1,2.6,43.7059067307273,-79.3628995339619
807,"Scarborough",1936,1,4,5,3,1,3.1,43.7271687682951,-79.3522472325014
808,"East York",1918,2,1,3,4,1,2.4,43.676750169904,-79.4173214473529
809,"Etobicoke",1976,5,4,5,3,1,4.3,43.6830061731162,-79.4082420117687
810,"Etobicoke",2002,3,4,3,3,0,3.2,43.7468941445462,-79.3528687878978
811,"East York",1993,5,3,3,5,0,4,43.7451787337894,-79.3650458932854
812,"Etobicoke",1955,1,1,1,4,0,1.6,43.722150056297,-79.3652019970585
813,"Etobicoke",1904,1,2,5,1,0,2.2,43.6623881757259,-79.3990092418389
814,"Scarborough",1970,2,2,1,5,1,2.4,43.7317714524921,-79.4150947705144
815,"Etobicoke",1915,5,5,3,1,1,3.7,43.6674189347308,-79.4272737765918
816,"North York",2007,4,4,3,4,0,3.8,43.665962183103,-79.3546287128236
817,"Scarborough",2006,2,3,1,5,0,2.6,43.7378419410437,-79.3628462245688
818,"Downtown",1982,4,1,3,4,1,3,43.6560178397689,-79.3618805994745
819,"Downtown",2001,4,1,4,1,0,2.7,43.6559680860955,-79.3823058280163
820,"Scarborough",1955,4,5,1,1,0,2.9,43.7475424978416,-79.3537807068788
821,"Downtown",1925,1,1,3,5,1,2.3,43.7238053901354,-79.4124306248035
822,"North York",2007,3,4,5,5,1,4.2,43.7028119957773,-79.4202715916559
823,"East York",1944,2,2,4,3,0,2.7,43.707826210605,-79.3539069144754
824,"East York",1937,4,3,1,4,0,3,43.6792374651879,-79.3785549466265
825,"Scarborough",1909,1,4,5,1,1,2.8,43.7270190184237,-79.4468314669095
826,"Downtown",1939,3,4,1,1,1,2.4,43.6971873037051,-79.402889008075
827,"Scarborough",1909,2,1,5,5,1,3.1,43.7282726915786,-79.4025059157284
828,"East York",1937,5,2,1,1,1,2.5,43.6815311670769,-79.4200988288503
829,"Downtown",1990,2,4,3,2,0,2.8,43.6752849088283,-79.4082551473286
830,"York",1950,2,2,2,3,1,2.2,43.734793377528,-79.366796693299
831,"Etobicoke",1928,5,5,1,1,1,3.2,43.6746854261495,-79.4052046932979
832,"York",1993,4,3,3,5,1,3.7,43.7260864066891,-79.4292835887987
833,"Downtown",1986,5,3,5,2,1,3.9,43.7292262182804,-79.3951757553499
834,"York",2012,3,2,4,4,0,3.2,43.7488881045487,-79.3785324049415
835,"Etobicoke",1953,4,4,3,4,1,3.8,43.7312832897296,-79.3531320127891
836,"Etobicoke",1984,5,2,5,1,1,3.5,43.6588988410309,-79.4382455965271
837,"East York",1965,3,2,4,3,1,3,43.6632710022619,-79.4481029755902
838,"Etobicoke",1986,3,1,2,5,1,2.6,43.6867593190866,-79.4159145735903
839,"North York",1963,2,5,4,4,0,3.7,43.6608994773123,-79.3649821158266
840,"North York",1918,4,3,1,1,0,2.4,43.7189271112671,-79.3583657584386
841,"Downtown",1918,2,5,3,5,0,3.6,43.6641263528494,-79.42764745194
842,"Etobicoke",2015,4,4,2,1,0,2.9,43.7451600796776,-79.446985125728
843,"East York",1976,1,3,2,4,0,2.4,43.6994104222162,-79.3673052371945
844,"North York",1932,3,1,5,5,1,3.4,43.6654361475725,-79.4106318208622
845,"Etobicoke",1937,2,2,5,5,1,3.4,43.6991598753724,-79.4172710040817
846,"Scarborough",1963,3,3,1,3,1,2.5,43.7008113681572,-79.4387450627284
847,"Scarborough",1936,4,4,1,5,1,3.5,43.7490033106413,-79.3694424067391
848,"East York",2013,4,2,1,1,0,2.1,43.684676949447,-79.4133388759336
849,"Etobicoke",1970,2,2,5,3,1,3,43.720456600422,-79.4087813711027
850,"Downtown",1925,5,3,1,5,1,3.5,43.6557795896661,-79.4288885263493
851,"Scarborough",1980,2,2,5,3,0,3,43.6940013982588,-79.422921870579
852,"East York",1946,4,3,2,5,1,3.5,43.6641416449565,-79.377339267591
853,"York",2000,5,2,5,3,1,3.9,43.6798770422582,-79.4390319267288
854,"North York",1936,3,5,3,1,0,3.1,43.6620142439846,-79.3971795295831
855,"East York",1931,2,3,4,4,1,3.2,43.6796305408934,-79.4340764377732
856,"Downtown",2022,5,4,3,1,1,3.5,43.6536351503106,-79.4349197679199
857,"North York",1944,5,2,1,5,0,3.2,43.6767671273323,-79.4141654466745
858,"East York",1939,3,5,2,4,0,3.5,43.7092974395026,-79.3682090591174
859,"North York",2014,1,5,3,1,0,2.5,43.6636945220642,-79.4016092660371
860,"Etobicoke",1996,5,3,3,3,0,3.6,43.7064675143221,-79.4161390401423
861,"Etobicoke",1935,4,5,2,3,1,3.6,43.7069367623655,-79.380351006682
862,"Scarborough",1955,3,5,5,3,0,4,43.7267339004902,-79.4363572860602
863,"York",1949,3,2,2,5,0,2.9,43.6500713367946,-79.4030390000436
864,"York",1967,5,5,1,4,0,3.8,43.7395529150963,-79.3940647024894
865,"Etobicoke",1939,2,5,4,2,0,3.2,43.6621112351306,-79.3608895928599
866,"Downtown",1927,1,1,4,2,0,2,43.6525982132414,-79.4395058701746
867,"North York",1955,5,1,4,4,1,3.5,43.7339294752106,-79.4392487643985
868,"Scarborough",1984,3,3,5,4,0,3.7,43.6838410655968,-79.410426663328
869,"Scarborough",1953,5,2,4,4,0,3.8,43.7059300879482,-79.3789489967981
870,"East York",1954,3,1,1,3,1,2,43.6633644865826,-79.4079276519595
871,"North York",2020,3,1,3,4,0,2.7,43.7210426484002,-79.3679658628767
872,"York",1986,2,4,4,2,1,3,43.706210820959,-79.4424749770668
873,"Downtown",1935,4,4,2,4,0,3.5,43.6777699015336,-79.3804932856001
874,"Etobicoke",1981,1,4,1,2,1,2,43.7337322571082,-79.3854824929265
875,"Downtown",1945,2,1,5,2,0,2.5,43.7420665848302,-79.4051335867494
876,"Scarborough",1927,4,2,4,4,0,3.5,43.7146994551644,-79.3987436832162
877,"York",1994,4,2,5,4,0,3.8,43.6883063898189,-79.4193350466434
878,"York",1911,2,2,5,4,0,3.2,43.6967229657341,-79.3989118563011
879,"Downtown",1910,3,5,2,1,0,2.9,43.7221517286263,-79.4420672702137
880,"East York",1987,4,5,3,1,0,3.4,43.6859256339259,-79.358053410938
881,"York",1929,5,3,1,1,1,2.7,43.7005454680417,-79.4438664484769
882,"Etobicoke",1910,3,2,5,1,0,2.9,43.7018700764515,-79.3647564638872
883,"York",1987,4,4,1,3,1,3.1,43.7184064305853,-79.3742394696455
884,"Downtown",1916,4,4,3,2,1,3.4,43.7303268152522,-79.4457029004814
885,"York",1922,5,4,3,2,0,3.6,43.6829442226095,-79.4124805344734
886,"York",1997,3,3,4,5,0,3.6,43.7318178178743,-79.4467607815051
887,"York",1973,5,1,1,1,1,2.2,43.7393251654226,-79.4435024443083
888,"Scarborough",1953,5,5,4,3,0,4.3,43.7153197351843,-79.4458511746256
889,"Downtown",1903,2,4,4,4,0,3.4,43.680235691811,-79.3803143968573
890,"York",1969,2,3,3,5,0,3.1,43.7367984129814,-79.4049833008787
891,"York",1973,4,2,1,4,1,2.8,43.7497881373158,-79.3714878722094
892,"Downtown",1982,3,1,4,1,1,2.4,43.7020163705107,-79.3946001105243
893,"Downtown",2001,1,3,5,4,1,3.1,43.6935759737156,-79.4484262025682
894,"East York",2022,2,5,1,1,1,2.3,43.74290113186,-79.4315432052827
895,"East York",1940,3,4,4,4,0,3.7,43.7050184100866,-79.3533015083056
896,"Scarborough",1991,5,1,5,4,1,3.8,43.6658216934418,-79.4374224357074
897,"East York",2019,2,5,1,5,1,3.1,43.6767581620021,-79.3608399342978
898,"Scarborough",1947,1,1,3,2,0,1.7,43.7107800849481,-79.404406788433
899,"Downtown",2008,5,5,3,2,1,3.9,43.7268229519716,-79.4397289924789
900,"Etobicoke",1972,3,5,5,4,1,4.2,43.6534848017152,-79.3968622462591
901,"East York",1906,5,3,5,4,0,4.3,43.7074906357564,-79.4289365326054
902,"Downtown",1950,2,4,4,1,0,2.8,43.7180083543994,-79.4495733368909
903,"North York",1923,2,4,4,3,1,3.2,43.7237393829739,-79.3917478053132
904,"East York",2005,4,5,3,3,1,3.8,43.6508775914554,-79.3670420668554
905,"North York",1981,5,1,1,2,0,2.4,43.7262129936833,-79.3857775208773
906,"Downtown",1987,1,4,1,3,1,2.2,43.6887767966604,-79.3533824670361
907,"Etobicoke",2019,5,5,4,4,1,4.6,43.6720979977399,-79.4383081555599
908,"Etobicoke",1971,3,1,4,3,0,2.8,43.7031345229596,-79.3864108652808
909,"East York",1963,1,2,3,5,1,2.5,43.7295560047729,-79.4237971761031
910,"North York",1959,4,5,2,1,0,3.2,43.7193283125525,-79.449618624174
911,"Downtown",1915,1,3,4,4,1,2.8,43.6617045329651,-79.3501022081589
912,"York",1946,1,5,4,2,1,2.9,43.6775927202543,-79.407341083209
913,"Scarborough",1981,2,5,2,4,1,3.2,43.7060944004916,-79.3674251177581
914,"Etobicoke",1928,3,4,3,5,0,3.6,43.6786599638406,-79.4229914422613
915,"Scarborough",1960,3,5,4,4,0,4,43.7319279357325,-79.3582182786195
916,"Scarborough",2012,4,2,1,2,0,2.4,43.7019235340646,-79.4350507302908
917,"North York",1961,3,3,3,5,0,3.4,43.6555752549553,-79.4286234830506
918,"Downtown",1924,4,1,1,5,1,2.7,43.6783812010894,-79.3592731952202
919,"Etobicoke",1979,1,5,1,1,0,2,43.6829461863032,-79.4120819085743
920,"Scarborough",1968,3,1,3,3,0,2.5,43.7183109762147,-79.4435734439408
921,"York",1922,5,1,4,4,1,3.5,43.6843488475308,-79.4411712784087
922,"York",1966,3,3,2,1,1,2.4,43.7206744353287,-79.4225993026281
923,"York",1969,2,5,3,1,0,2.8,43.6519589466974,-79.3858512640465
924,"East York",2019,2,1,3,4,0,2.4,43.6610064391047,-79.376303089154
925,"North York",1988,2,3,5,4,0,3.4,43.6919737575343,-79.40200380038
926,"York",1918,5,4,3,4,0,4,43.6873266929062,-79.4474039317342
927,"York",1910,5,2,5,4,0,4,43.7420373544097,-79.3510393814649
928,"Etobicoke",2006,1,3,3,5,1,2.8,43.739253293979,-79.4092495913617
929,"York",1911,3,5,5,3,1,4,43.6579655282898,-79.4124819476856
930,"Etobicoke",1996,5,4,5,2,0,4.2,43.6804467646871,-79.4096768793417
931,"North York",1961,2,4,2,5,0,3.1,43.6635785542429,-79.3995729651069
932,"Etobicoke",1971,3,2,4,2,1,2.8,43.6765859602718,-79.4323394651292
933,"Etobicoke",1970,1,5,2,5,0,3,43.6847131861374,-79.4326695172116
934,"North York",1978,4,1,1,2,1,2.1,43.7333603313658,-79.4106237490661
935,"Downtown",2000,5,5,3,1,0,3.7,43.6976291653002,-79.3908913051244
936,"East York",1998,4,3,5,5,1,4.2,43.6606600475498,-79.3757204894442
937,"York",1906,1,5,2,4,1,2.8,43.7041782498825,-79.428343621199
938,"North York",1912,1,1,4,2,1,2,43.6843062580097,-79.4102909024572
939,"North York",1983,2,1,4,1,0,2.1,43.7074951719726,-79.4350469541503
940,"North York",1972,2,3,4,2,1,2.8,43.6755557588302,-79.4059640012682
941,"East York",2016,4,3,3,1,1,2.9,43.6890428483253,-79.4041492601158
942,"East York",1911,3,2,5,3,1,3.2,43.6566187788965,-79.3914120700443
943,"Downtown",1977,5,2,3,3,1,3.4,43.7490842732368,-79.4316817345098
944,"York",2020,2,2,2,5,1,2.6,43.6897651165724,-79.3644884390524
945,"North York",2002,4,4,3,3,1,3.6,43.6827208485454,-79.4305790804792
946,"Scarborough",1991,4,3,2,1,1,2.7,43.7082311281003,-79.3939994958462
947,"East York",1972,3,4,4,1,0,3.1,43.659087981889,-79.380510837026
948,"Etobicoke",1995,2,1,5,2,1,2.5,43.6750840447377,-79.4393737603212
949,"East York",2020,4,4,2,3,1,3.3,43.6558817079291,-79.3638103411766
950,"Downtown",2018,3,4,5,1,0,3.4,43.6960260277148,-79.3516994872596
951,"Scarborough",1935,5,2,2,1,1,2.7,43.6920943815028,-79.3692428080598
952,"East York",1982,3,3,5,1,1,3.1,43.7170946424827,-79.3858865478076
953,"Scarborough",2004,5,3,3,1,0,3.2,43.6794707586989,-79.4002063823398
954,"Scarborough",1933,4,4,2,5,1,3.7,43.7083587481873,-79.3712825709488
955,"East York",1960,2,3,1,5,1,2.6,43.7353041775757,-79.3963730192976
956,"North York",1955,5,2,5,1,0,3.5,43.6790288574528,-79.3926587531576
957,"Downtown",2012,3,2,1,1,0,1.8,43.6925755273551,-79.4275638495339
958,"Downtown",1975,3,3,5,5,1,3.9,43.6704975441098,-79.3806279170793
959,"North York",1913,1,5,5,4,0,3.6,43.7031564043369,-79.3883940790082
960,"Scarborough",1973,3,1,1,3,0,2,43.7151091086445,-79.4295935555361
961,"Etobicoke",2002,3,5,2,5,1,3.6,43.6552868699655,-79.3658968904754
962,"Downtown",1915,5,1,2,4,0,3,43.7326433724258,-79.4388591230149
963,"Etobicoke",1997,2,3,4,5,0,3.4,43.6905189169105,-79.4334447680274
964,"Etobicoke",1973,2,3,3,2,0,2.5,43.6928893828066,-79.3608777591027
965,"Downtown",2014,5,2,5,5,0,4.2,43.6892854487989,-79.3658837693045
966,"Scarborough",1965,3,1,3,3,0,2.5,43.6648264802992,-79.4194148913724
967,"York",1920,5,3,4,2,1,3.6,43.6580302982125,-79.4242055950454
968,"North York",1907,3,3,1,4,0,2.7,43.6509610275039,-79.3973496786319
969,"York",1932,5,2,2,2,0,2.9,43.6680633991724,-79.3833524131216
970,"East York",1996,3,1,2,4,0,2.5,43.6639407244511,-79.3666928198189
971,"East York",1978,4,1,2,3,0,2.5,43.6691279340535,-79.441749874223
972,"North York",1987,4,4,5,4,1,4.2,43.6745690189069,-79.4295489875134
973,"Downtown",1917,3,2,5,3,0,3.2,43.7295936211245,-79.3932054461679
974,"North York",2019,1,2,5,4,1,2.8,43.7386668805731,-79.3765883219428
975,"North York",1998,4,4,1,4,0,3.2,43.7211586983874,-79.3594979318325
976,"Downtown",1915,1,2,1,3,1,1.7,43.7071533905808,-79.4209074980812
977,"Downtown",1903,3,3,4,1,1,2.9,43.7256292124745,-79.4031184009276
978,"Etobicoke",1938,5,2,4,3,0,3.6,43.7124023425626,-79.4216548712226
979,"Scarborough",1997,3,4,3,3,1,3.2,43.7420111435931,-79.4443262307905
980,"Etobicoke",1961,4,3,3,1,0,2.9,43.7018978482112,-79.423614495853
981,"Scarborough",2009,3,4,1,3,0,2.8,43.6873955696588,-79.3551406512968
982,"Scarborough",1991,1,1,5,5,0,2.8,43.6719281817554,-79.360044320696
983,"East York",1935,4,5,1,1,0,2.9,43.7381606704555,-79.4294439019868
984,"Scarborough",2012,1,4,5,2,1,2.9,43.7193012664793,-79.3594003410544
985,"East York",1982,2,3,2,2,1,2.2,43.6895221777493,-79.4336581140989
986,"York",1922,2,2,2,4,1,2.4,43.6698922001058,-79.35835755195
987,"North York",1971,3,5,2,1,0,2.9,43.737619619933,-79.4230889174854
988,"East York",1918,1,1,1,4,1,1.6,43.7249531328678,-79.3779554174282
989,"Etobicoke",1970,3,1,1,3,1,2,43.6605094482191,-79.4340269077569
990,"York",1975,4,4,3,5,1,4,43.6674321542028,-79.4486171065364
991,"Scarborough",1965,1,4,5,5,1,3.5,43.6772854355397,-79.3921822289703
992,"Scarborough",1917,3,5,2,3,0,3.2,43.7282296543242,-79.3780870780814
993,"East York",1956,4,2,1,3,1,2.5,43.7319488087902,-79.3869503256865
994,"Scarborough",1947,2,2,4,2,1,2.5,43.7441067099106,-79.3526480134577
995,"Scarborough",2021,2,5,1,5,1,3.1,43.7451286382508,-79.414098929381
996,"East York",1922,3,5,4,1,0,3.4,43.6610543489689,-79.3931335654343
997,"Etobicoke",2012,4,5,5,5,1,4.7,43.6984493997181,-79.3705445956206
998,"Scarborough",1910,4,1,2,5,0,3,43.6642133153742,-79.4472246197518
999,"Scarborough",1901,3,5,1,1,1,2.6,43.6870212174486,-79.382787318225
1000,"East York",2022,1,2,5,2,0,2.4,43.7323926610639,-79.3620601832634
